{"v":"5.5.10","fr":25,"ip":0,"op":26,"w":87,"h":87,"nm":"房子","ddd":0,"assets":[],"layers":[{"ddd":0,"ind":1,"ty":4,"nm":"“房子”轮廓","sr":1,"ks":{"o":{"a":0,"k":100,"ix":11},"r":{"a":0,"k":0,"ix":10},"p":{"a":0,"k":[43.5,43.5,0],"ix":2},"a":{"a":0,"k":[43.5,43.5,0],"ix":1},"s":{"a":1,"k":[{"i":{"x":[0.667,0.667,0.667],"y":[1,1,1]},"o":{"x":[0.333,0.333,0.333],"y":[0,0,0]},"t":5,"s":[100,100,100],"e":[120,120,100]},{"i":{"x":[0.667,0.667,0.667],"y":[1,1,1]},"o":{"x":[0.333,0.333,0.333],"y":[0,0,0]},"t":12,"s":[120,120,100],"e":[100,100,100]},{"t":19}],"ix":6}},"ao":0,"shapes":[{"ty":"gr","it":[{"ty":"gr","it":[{"ind":0,"ty":"sh","ix":1,"ks":{"a":0,"k":{"i":[[0,0],[0.494,3.741],[0,0],[0,0],[0.043,0.73],[0,0],[0.001,-0.008],[0,0],[0,0],[4.673,-3.456],[0,0],[0.891,6.274],[0,0],[0,11.089],[0.147,-6.516],[0,0],[0,0],[-0.004,-0.001],[0,0],[0,0],[0,0],[0,0],[0,0],[0,0],[0,0],[0,0],[0,0],[0,0],[0.05,9.17]],"o":[[0,0],[-0.889,6.274],[0,0],[-4.674,-3.456],[0,0],[0,0],[0,-0.008],[0,0],[-0.042,0.73],[0,0],[0,0],[-0.494,3.741],[0,0],[-0.05,9.17],[0,0],[0,0],[0,0],[0,0],[0,0],[0,0],[0,0],[0,0],[0,0],[0,0],[0.004,-0.001],[0,0],[0,0],[-0.148,-6.516],[0,11.089]],"v":[[15.525,-22.643],[15.771,-36.036],[10.631,-27.891],[5.29,-26.805],[0.003,-39.115],[0.001,-39.174],[0.001,-39.156],[-0.001,-39.174],[-0.001,-39.115],[-5.29,-26.805],[-10.629,-27.891],[-15.771,-36.036],[-15.523,-22.643],[-29.997,-43.215],[-29.206,-13.816],[-26.042,-12.309],[-26.042,1.75],[-26.036,1.752],[-26.036,6.122],[-27.363,6.122],[-27.363,14.109],[27.365,14.109],[27.365,6.122],[26.036,6.122],[26.036,1.752],[26.044,1.75],[26.044,-12.309],[29.208,-13.816],[29.999,-43.215]],"c":true},"ix":2},"nm":"路径 1","mn":"ADBE Vector Shape - Group","hd":false},{"ind":1,"ty":"sh","ix":2,"ks":{"a":0,"k":{"i":[[0,0],[-1.497,0.117],[-0.205,-0.78],[0,0],[0,0]],"o":[[0.204,-0.78],[1.498,0.117],[0,0],[0,0],[0,0]],"v":[[-2.26,-4.337],[0.001,-6.32],[2.26,-4.337],[2.26,4.534],[-2.26,4.534]],"c":true},"ix":2},"nm":"路径 2","mn":"ADBE Vector Shape - Group","hd":false},{"ind":2,"ty":"sh","ix":3,"ks":{"a":0,"k":{"i":[[0,0],[0,0],[0,0],[0,0]],"o":[[0,0],[0,0],[0,0],[0,0]],"v":[[15.898,-3.751],[19.501,-3.751],[19.501,3.752],[15.898,3.752]],"c":true},"ix":2},"nm":"路径 3","mn":"ADBE Vector Shape - Group","hd":false},{"ind":3,"ty":"sh","ix":4,"ks":{"a":0,"k":{"i":[[0,0],[0,0],[0,0],[0,0]],"o":[[0,0],[0,0],[0,0],[0,0]],"v":[[6.505,-3.751],[10.079,-3.751],[10.079,3.752],[6.505,3.752]],"c":true},"ix":2},"nm":"路径 4","mn":"ADBE Vector Shape - Group","hd":false},{"ind":4,"ty":"sh","ix":5,"ks":{"a":0,"k":{"i":[[0,0],[0,0],[0,0],[0,0]],"o":[[0,0],[0,0],[0,0],[0,0]],"v":[[-10.079,-3.751],[-6.503,-3.751],[-6.503,3.752],[-10.079,3.752]],"c":true},"ix":2},"nm":"路径 5","mn":"ADBE Vector Shape - Group","hd":false},{"ind":5,"ty":"sh","ix":6,"ks":{"a":0,"k":{"i":[[0,0],[0,0],[0,0],[0,0]],"o":[[0,0],[0,0],[0,0],[0,0]],"v":[[-19.499,-3.751],[-15.898,-3.751],[-15.898,3.752],[-19.499,3.752]],"c":true},"ix":2},"nm":"路径 6","mn":"ADBE Vector Shape - Group","hd":false},{"ty":"tr","p":{"a":0,"k":[0,0],"ix":2},"a":{"a":0,"k":[0,0],"ix":1},"s":{"a":0,"k":[100,100],"ix":3},"r":{"a":0,"k":0,"ix":6},"o":{"a":0,"k":100,"ix":7},"sk":{"a":0,"k":0,"ix":4},"sa":{"a":0,"k":0,"ix":5},"nm":"变换"}],"nm":"组 1","np":6,"cix":2,"bm":0,"ix":2,"mn":"ADBE Vector Group","hd":false},{"ty":"gf","o":{"a":0,"k":100,"ix":10},"r":1,"bm":0,"g":{"p":3,"k":{"a":0,"k":[0,0.8,0.09,0.455,0.484,0.9,0.045,0.227,1,1,0,0],"ix":9}},"s":{"a":0,"k":[-29.835,-42.824],"ix":5},"e":{"a":0,"k":[30.681,14.471],"ix":6},"t":1,"nm":"Gradient fill 1","mn":"ADBE Vector Graphic - G-Fill","hd":false},{"ty":"tr","p":{"a":0,"k":[43.5,58.053],"ix":2},"a":{"a":0,"k":[0,0],"ix":1},"s":{"a":0,"k":[100,100],"ix":3},"r":{"a":0,"k":0,"ix":6},"o":{"a":0,"k":100,"ix":7},"sk":{"a":0,"k":0,"ix":4},"sa":{"a":0,"k":0,"ix":5},"nm":"变换"}],"nm":"组 1","np":3,"cix":2,"bm":0,"ix":1,"mn":"ADBE Vector Group","hd":false}],"ip":0,"op":50,"st":0,"bm":0}],"markers":[]}