{"v":"5.5.10","fr":25,"ip":0,"op":16,"w":87,"h":87,"nm":"花","ddd":0,"assets":[],"layers":[{"ddd":0,"ind":1,"ty":4,"nm":"“花”轮廓","sr":1,"ks":{"o":{"a":0,"k":100,"ix":11},"r":{"a":0,"k":0,"ix":10},"p":{"a":0,"k":[43.5,43.5,0],"ix":2},"a":{"a":0,"k":[43.5,43.5,0],"ix":1},"s":{"a":1,"k":[{"i":{"x":[0.667,0.667,0.667],"y":[1,1,1]},"o":{"x":[0.333,0.333,0.333],"y":[0,0,0]},"t":0,"s":[100,100,100],"e":[120,120,100]},{"i":{"x":[0.667,0.667,0.667],"y":[1,1,1]},"o":{"x":[0.333,0.333,0.333],"y":[0,0,0]},"t":7,"s":[120,120,100],"e":[100,100,100]},{"t":14}],"ix":6}},"ao":0,"shapes":[{"ty":"gr","it":[{"ind":0,"ty":"sh","ix":1,"ks":{"a":0,"k":{"i":[[3.357,-3.384],[0.48,-0.71],[-0.011,-2.401],[0,0],[-2.43,-1.87],[-0.561,0.19],[-2.649,4.23],[5.95,0.38],[0.502,0]],"o":[[-0.549,0.56],[1.921,1.2],[0,0],[2.98,0.79],[0.511,0.4],[4.649,-1.51],[3.161,-5.06],[-0.525,-0.034],[-7.554,0.001]],"v":[[-12.296,-2.779],[-13.835,-0.859],[-10.624,4.831],[-10.624,5.042],[-2.656,9.201],[-0.654,9.721],[10.674,1.501],[5.115,-9.859],[3.575,-9.911]],"c":true},"ix":2},"nm":"路径 2","mn":"ADBE Vector Shape - Group","hd":false},{"ty":"gf","o":{"a":0,"k":100,"ix":10},"r":1,"bm":0,"g":{"p":3,"k":{"a":0,"k":[0,0.8,0.09,0.455,0.484,0.9,0.045,0.227,1,1,0,0],"ix":9}},"s":{"a":0,"k":[-48.471,-27.596],"ix":5},"e":{"a":0,"k":[12.786,33.462],"ix":6},"t":1,"nm":"Gradient fill 1","mn":"ADBE Vector Graphic - G-Fill","hd":false},{"ty":"tr","p":{"a":0,"k":[61.502,40.607],"ix":2},"a":{"a":0,"k":[0,0],"ix":1},"s":{"a":0,"k":[100,100],"ix":3},"r":{"a":0,"k":0,"ix":6},"o":{"a":0,"k":100,"ix":7},"sk":{"a":0,"k":0,"ix":4},"sa":{"a":0,"k":0,"ix":5},"nm":"变换"}],"nm":"组 6","np":2,"cix":2,"bm":0,"ix":1,"mn":"ADBE Vector Group","hd":false},{"ty":"gr","it":[{"ind":0,"ty":"sh","ix":1,"ks":{"a":0,"k":{"i":[[2.3,-0.611],[1.131,-2.889],[-0.331,-0.491],[-4.799,-1.349],[1.309,5.82],[4.47,2.42],[0.789,0.25]],"o":[[0.09,3.129],[-0.239,0.611],[2.76,4.04],[5.741,1.612],[-1.841,-8.249],[-0.669,-0.37],[-0.691,2.23]],"v":[[-8.999,-8.285],[-10.76,0.645],[-10.699,2.715],[0.38,11.273],[9.721,2.745],[-1.97,-11.965],[-4.189,-12.885]],"c":true},"ix":2},"nm":"路径 2","mn":"ADBE Vector Shape - Group","hd":false},{"ty":"gf","o":{"a":0,"k":100,"ix":10},"r":1,"bm":0,"g":{"p":3,"k":{"a":0,"k":[0,0.8,0.09,0.455,0.484,0.9,0.045,0.227,1,1,0,0],"ix":9}},"s":{"a":0,"k":[-41.675,-47.229],"ix":5},"e":{"a":0,"k":[19.462,13.806],"ix":6},"t":1,"nm":"Gradient fill 1","mn":"ADBE Vector Graphic - G-Fill","hd":false},{"ty":"tr","p":{"a":0,"k":[54.787,60.313],"ix":2},"a":{"a":0,"k":[0,0],"ix":1},"s":{"a":0,"k":[100,100],"ix":3},"r":{"a":0,"k":0,"ix":6},"o":{"a":0,"k":100,"ix":7},"sk":{"a":0,"k":0,"ix":4},"sa":{"a":0,"k":0,"ix":5},"nm":"变换"}],"nm":"组 7","np":2,"cix":2,"bm":0,"ix":2,"mn":"ADBE Vector Group","hd":false},{"ty":"gr","it":[{"ind":0,"ty":"sh","ix":1,"ks":{"a":0,"k":{"i":[[1.296,-3.027],[-2.22,-4.581],[-0.56,-0.73],[-1.79,0.01],[-0.671,-0.199],[-2.471,1.6],[-0.01,0.59],[3.109,3.9],[2.162,-0.001]],"o":[[-3.32,7.76],[0.36,0.739],[1.22,-1.11],[0.73,-0.01],[1.71,-2.39],[0.55,-0.35],[0.12,-4.89],[-1.669,-2.091],[-2.657,0]],"v":[[-6.675,-8.206],[-5.785,10.564],[-4.385,12.784],[0.255,10.984],[2.356,11.284],[8.716,5.464],[9.875,3.753],[5.896,-9.667],[-0.164,-12.783]],"c":true},"ix":2},"nm":"路径 2","mn":"ADBE Vector Shape - Group","hd":false},{"ty":"gf","o":{"a":0,"k":100,"ix":10},"r":1,"bm":0,"g":{"p":3,"k":{"a":0,"k":[0,0.8,0.09,0.455,0.484,0.9,0.045,0.227,1,1,0,0],"ix":9}},"s":{"a":0,"k":[-30.555,-14.627],"ix":5},"e":{"a":0,"k":[30.656,46.145],"ix":6},"t":1,"nm":"Gradient fill 1","mn":"ADBE Vector Graphic - G-Fill","hd":false},{"ty":"tr","p":{"a":0,"k":[43.662,27.715],"ix":2},"a":{"a":0,"k":[0,0],"ix":1},"s":{"a":0,"k":[100,100],"ix":3},"r":{"a":0,"k":0,"ix":6},"o":{"a":0,"k":100,"ix":7},"sk":{"a":0,"k":0,"ix":4},"sa":{"a":0,"k":0,"ix":5},"nm":"变换"}],"nm":"组 8","np":2,"cix":2,"bm":0,"ix":3,"mn":"ADBE Vector Group","hd":false},{"ty":"gr","it":[{"ind":0,"ty":"sh","ix":1,"ks":{"a":0,"k":{"i":[[0.012,0],[-0.019,-2.771],[-2.82,0.02],[0.021,2.77],[2.804,0]],"o":[[-2.83,0.02],[0.02,2.769],[2.82,-0.019],[-0.02,-2.757],[-0.012,0]],"v":[[-0.031,-5.025],[-5.111,0.026],[0.029,5.005],[5.109,-0.045],[0.006,-5.025]],"c":true},"ix":2},"nm":"路径 2","mn":"ADBE Vector Shape - Group","hd":false},{"ty":"gf","o":{"a":0,"k":100,"ix":10},"r":1,"bm":0,"g":{"p":3,"k":{"a":0,"k":[0,0.8,0.09,0.455,0.484,0.9,0.045,0.227,1,1,0,0],"ix":9}},"s":{"a":0,"k":[-30.933,-32.171],"ix":5},"e":{"a":0,"k":[30.2,28.632],"ix":6},"t":1,"nm":"Gradient fill 1","mn":"ADBE Vector Graphic - G-Fill","hd":false},{"ty":"tr","p":{"a":0,"k":[43.968,45.493],"ix":2},"a":{"a":0,"k":[0,0],"ix":1},"s":{"a":0,"k":[100,100],"ix":3},"r":{"a":0,"k":0,"ix":6},"o":{"a":0,"k":100,"ix":7},"sk":{"a":0,"k":0,"ix":4},"sa":{"a":0,"k":0,"ix":5},"nm":"变换"}],"nm":"组 9","np":2,"cix":2,"bm":0,"ix":4,"mn":"ADBE Vector Group","hd":false},{"ty":"gr","it":[{"ind":0,"ty":"sh","ix":1,"ks":{"a":0,"k":{"i":[[3.23,0.23],[0.369,-0.46],[-0.14,-4.99],[-5.171,2.981],[-0.98,4.99],[0.041,1.109],[1.26,1.58]],"o":[[-0.65,-0.05],[-3.03,3.84],[0.179,5.96],[7.319,-4.219],[0.19,-0.98],[-2.199,-0.011],[-3.089,1.15]],"v":[[-3.966,-11.01],[-5.925,-10.34],[-10.795,2.791],[0.135,9.159],[10.694,-6.38],[10.894,-9.539],[5.484,-12.14]],"c":true},"ix":2},"nm":"路径 2","mn":"ADBE Vector Shape - Group","hd":false},{"ty":"gf","o":{"a":0,"k":100,"ix":10},"r":1,"bm":0,"g":{"p":3,"k":{"a":0,"k":[0,0.8,0.09,0.455,0.484,0.9,0.045,0.227,1,1,0,0],"ix":9}},"s":{"a":0,"k":[-19.999,-48.728],"ix":5},"e":{"a":0,"k":[41.216,12.508],"ix":6},"t":1,"nm":"Gradient fill 1","mn":"ADBE Vector Graphic - G-Fill","hd":false},{"ty":"tr","p":{"a":0,"k":[33.043,61.808],"ix":2},"a":{"a":0,"k":[0,0],"ix":1},"s":{"a":0,"k":[100,100],"ix":3},"r":{"a":0,"k":0,"ix":6},"o":{"a":0,"k":100,"ix":7},"sk":{"a":0,"k":0,"ix":4},"sa":{"a":0,"k":0,"ix":5},"nm":"变换"}],"nm":"组 10","np":2,"cix":2,"bm":0,"ix":5,"mn":"ADBE Vector Group","hd":false},{"ty":"gr","it":[{"ind":0,"ty":"sh","ix":1,"ks":{"a":0,"k":{"i":[[2.105,-0.814],[-4.531,-3.879],[-5.029,0.738],[-1.07,0.429],[0.009,0.9],[-0.609,1.02],[0.849,3.09],[0.559,0.19],[2.564,0]],"o":[[-5.561,2.139],[6.42,5.501],[1.021,-0.151],[-0.321,-0.781],[-0.01,-1.27],[-2.06,-2.5],[-0.18,-0.62],[-2.538,-0.866],[-2.115,0]],"v":[[-6.254,-8.384],[-8.624,4.035],[9.545,8.816],[12.716,7.906],[12.196,5.365],[13.155,1.875],[9.036,-6.555],[7.746,-8.165],[0.083,-9.554]],"c":true},"ix":2},"nm":"路径 2","mn":"ADBE Vector Shape - Group","hd":false},{"ty":"gf","o":{"a":0,"k":100,"ix":10},"r":1,"bm":0,"g":{"p":3,"k":{"a":0,"k":[0,0.8,0.09,0.455,0.484,0.9,0.045,0.227,1,1,0,0],"ix":9}},"s":{"a":0,"k":[-11.538,-27.172],"ix":5},"e":{"a":0,"k":[49.735,34.473],"ix":6},"t":1,"nm":"Gradient fill 1","mn":"ADBE Vector Graphic - G-Fill","hd":false},{"ty":"tr","p":{"a":0,"k":[24.852,40.163],"ix":2},"a":{"a":0,"k":[0,0],"ix":1},"s":{"a":0,"k":[100,100],"ix":3},"r":{"a":0,"k":0,"ix":6},"o":{"a":0,"k":100,"ix":7},"sk":{"a":0,"k":0,"ix":4},"sa":{"a":0,"k":0,"ix":5},"nm":"变换"}],"nm":"组 11","np":2,"cix":2,"bm":0,"ix":6,"mn":"ADBE Vector Group","hd":false}],"ip":0,"op":25,"st":0,"bm":0}],"markers":[]}